브랜드명,제품명,가격
테이크이지,솔리드 옥스포드 오버셔츠(스카이블루),"40,200원"
테이크이지,솔리드 옥스포드 오버셔츠(화이트),"40,200원"
쟈니웨스트,Wooltan Check Shirts (Cream),"29,700원"
다이아몬드 레이라,빈티지 블랙 도트 스트라이프 셔츠 S22,"46,000원"
다이아몬드 레이라,플러프 무드 체크 셔츠 S24 네이비,"46,000원"
무신사 스탠다드,릴렉스 핏 옥스포드 셔츠 [화이트],"24,900원"
무신사 스탠다드,베이식 옥스포드 셔츠 [화이트],"24,900원"
테이크이지,솔리드 옥스포드 오버셔츠(바이올렛),"40,200원"
무신사 스탠다드,릴렉스 핏 실키 셔츠 [화이트],"23,900원"
무신사 스탠다드,베이식 드레스 셔츠 [화이트],"27,900원"
아노블리어,루즈핏 오픈카라 텐셀 린넨 셔츠 [네이비],"42,000원"
다이아몬드 레이라,클래식 화이트 셔츠 S40,"46,000원"
파르티멘토,Hair Line Stripe Shirts Sky,"29,900원"
아노블리어,루즈핏 오픈카라 텐셀 린넨 셔츠 [오트밀],"42,000원"
무신사 스탠다드,릴렉스 핏 실키 셔츠 [다크 네이비],"23,900원"
토마스모어,SH9304 프렌치 스트라이프 셔츠,"59,700원"
아노블리어,루즈핏 오픈카라 텐셀 린넨 셔츠 [블랙],"42,000원"
테이크이지,스트라이프 옥스포드 오버셔츠 (스카이블루),"40,200원"
드로우핏,오버사이즈 히든 미니멀 셔츠 [WHITE],"53,100원"
무신사 스탠다드,릴렉스 핏 실키 셔츠 [블랙],"23,900원"
무신사 스탠다드,릴렉스 핏 실키 셔츠 [그레이쉬 블루],"23,900원"
씨오큐,Overfit minimal color shirt_sky blue,"39,960원"
무신사 스탠다드,[유아인 착장상품] 릴렉스 핏 실키 셔츠 [카키],"23,900원"
다이아몬드 레이라,플러프 무드 체크 셔츠 S24 브라운,"46,000원"
무신사 스탠다드,릴렉스 핏 옥스포드 셔츠 [블루],"24,900원"
무신사 스탠다드,베이식 포플린 셔츠 [화이트],"16,190원"
어반,오버핏 울 체크 셔츠 그레이,"37,440원"
필루미네이트,유니섹스 오버핏 글림 스트라이프 셔츠-네이비,"38,700원"
아노블리어,루즈핏 오픈카라 린넨 셔츠 [화이트],"42,000원"
마크메이트,웨인듀 노멀 데님셔츠_DL_E30,"39,000원"
어반,UNISEX FLEX CHECK SHIRT BLUE,"43,200원"
토피,오버핏 옥스퍼드 셔츠 (BLUE),"39,000원"
어반,SPRING OVERSIZED SHIRT BLUE,"32,040원"
다이아몬드 레이라,헤링본 클래식 체크 셔츠 S41,"46,000원"
다이아몬드 레이라,폴링 체크 셔츠 S43,"46,000원"
필루미네이트,유니섹스 오버핏 글림 스트라이프 셔츠-블랙,"38,700원"
무신사 스탠다드,릴렉스 핏 옥스포드 셔츠 [그레이],"24,900원"
무신사 스탠다드,링클프리 드레스 셔츠 [화이트],"29,900원"
아노블리어,세미오버핏 타탄 체크 셔츠 [엄버 블랙],"39,000원"
필루미네이트,유니섹스 옵티멀 베이직 린넨 셔츠-화이트,"38,700원"
레이디 볼륨,[남/여] Overfit vintage check shirt_green,"39,600원"
테이크이지,솔리드 옥스포드 오버셔츠(블랙),"40,200원"
커스텀어클락,옥스포드 베이직 셔츠 화이트,"31,200원"
드로우핏,오버사이즈 히든 미니멀 셔츠 [L.GREY],"53,100원"
에스피오나지,Oxford Over Shirts Blue,"88,000원"
베리베인,TP95 PIN STRIPE SHIRTS (BLACK),"27,500원"
무신사 스탠다드,릴렉스 핏 실키 셔츠 [라이트 그레이],"23,900원"
다이아몬드 레이라,로프 스트라이프 셔츠 S46 스카이 블루,"48,000원"
테이크이지,[컬러추가]PIN STRIPE OVER SHIRT,"40,200원"
무신사 스탠다드,베이식 옥스포드 셔츠 [그레이],"24,900원"
무신사 스탠다드,오버사이즈 코튼 셔츠 [크림],"13,490원"
무신사 스탠다드,히든 버튼 드레스 셔츠 [화이트],"22,390원"
드로우핏,오버사이즈 히든 미니멀 셔츠 [CREAM],"53,100원"
무신사 스탠다드,베이식 옥스포드 셔츠 [블루],"24,900원"
테이크이지,스트라이프 옥스포드 오버셔츠 (바이올렛),"40,200원"
제멋,하운드 투스 체크 반팔셔츠 카키 HSSS2207,"30,000원"
무신사 스탠다드,베이식 드레스 셔츠 [블랙],"27,900원"
필루미네이트,유니섹스 오버핏 블레이즈 체크 셔츠-오렌지,"38,700원"
엘무드,스티치 오버핏 셔츠 스카이 블루,"69,900원"
무신사 스탠다드,[쿨탠다드] 트리코트 이지 셔츠 [화이트],"27,900원"
파르티멘토,오버사이즈 워싱 코튼 셔츠 화이트,"35,900원"
무신사 스탠다드,릴렉스 핏 실키 셔츠 [핑크],"23,900원"
무신사 스탠다드,릴렉스 핏 워시드 데님 셔츠 [라이트 인디고],"21,690원"
무신사 스탠다드,릴렉스 핏 코듀로이 셔츠 [화이트],"17,390원"
드로우핏,오버사이즈 히든 미니멀 셔츠 [BLUEGREY],"53,100원"
필루미네이트,유니섹스 레잇 체크 셔츠-베이지,"38,700원"
집시,오버사이즈 글렌체크 셔츠.,"49,900원"
어반,오버핏 와플 체크 셔츠-베이지,"29,920원"
아차,와이드 커프스 옷핀 셔츠 _ 화이트,"64,000원"
무신사 스탠다드,릴렉스 핏 옥스포드 셔츠 [블랙],"24,900원"
칸코,KANCO LOGO OXFORD SHIRT beige,"62,300원"
무신사 스탠다드,릴렉스 핏 실키 셔츠 [라이트 베이지],"23,900원"
토피,오버핏 옥스퍼드 셔츠 (WHITE),"39,000원"
드로우핏,오버사이즈 린넨 풀오버 카라 셔츠 [MINT GREY],"53,100원"
르아르,프리미엄 텐셀 히든 벤트 셔츠 [라이트 그레이],"46,000원"
테이크이지,시티 스트라이프 오버 셔츠(시티블랙),"40,200원"
기프트오리지널,(UNISEX) 클래시 체크 셔츠,"34,900원"
파르티멘토,오버사이즈 워싱 코튼 셔츠 그레이지,"35,900원"
드로우핏,미니멀 카라 린넨 풀오버 셔츠 [BLACK],"53,100원"
필루미네이트,유니섹스 오버핏 웨이브 체크 셔츠-브라운,"38,700원"
다이아몬드 레이라,오버핏 스탠다드 스티치 린넨 셔츠 S74 애쉬 블루,"37,000원"
드로우핏,오버사이즈 히든 미니멀 셔츠 [MOCHA BEIGE],"53,100원"
레이디 볼륨,[남/여] Overfit vintage check shirt_brown,"39,600원"
아노블리어,[니티드X아노블리어] 루즈핏 얼터너티브 스트라이프 셔츠 [네이비],"42,000원"
다이아몬드 레이라,오버핏 스탠다드 스티치 린넨 셔츠 S74 그레이,"37,000원"
리,와펜 스몰 하우스로고 옥스포드 셔츠 화이트,"59,200원"
어반,UNISEX FLEX CHECK SHIRT BLACK,"43,200원"
어반,유니섹스 포인트 오버핏 체크 셔츠 네이비,"30,400원"
드로우핏,미니멀 카라 린넨 풀오버 셔츠 [CHARCOAL],"53,100원"
어스앤뎀,옥스퍼드 전사프린트 셔츠_스카이블루,"10,000원"
